District code,District Short Name,District Name,Quarter,Value,All District Value,District Short
D02,AL/M,Middle District of Alabama,Q3 FY18,0.00%,1.08%,AL-M
D09,AR/E,Eastern District of Arkansas,Q3 FY18,0.00%,1.08%,AR-E
D08,AZ/D,District of Arizona,Q3 FY18,0.00%,1.08%,AZ-D
D12,CA/C,Central District of California,Q3 FY18,0.00%,1.08%,CA-C
D14,CT/D,District of Connecticut,Q3 FY18,0.00%,1.08%,CT-D
D15,DE/D,District of Delaware,Q3 FY18,0.00%,1.08%,DE-D
D20,GA/M,Middle District of Georgia,Q3 FY18,0.00%,1.08%,GA-M
D21,GA/S,Southern District of Georgia,Q3 FY18,0.00%,1.08%,GA-S
D93,GU/D,District of Guam/Northern Mariana Island,Q3 FY18,0.00%,1.08%,GU-D
D23,ID/D,District of Idaho,Q3 FY18,0.00%,1.08%,ID-D
D26,IL/C,Central District of Illinois,Q3 FY18,0.00%,1.08%,IL-C
D25,IL/S,Southern District of Illinois,Q3 FY18,0.00%,1.08%,IL-S
D27,IN/N,Northern District of Indiana,Q3 FY18,0.00%,1.08%,IN-N
D28,IN/S,Southern District of Indiana,Q3 FY18,0.00%,1.08%,IN-S
D31,KS/D,District of Kansas,Q3 FY18,0.00%,1.08%,KS-D
D95,LA/M,Middle District of Louisiana,Q3 FY18,0.00%,1.08%,LA-M
D36,ME/D,District of Maine,Q3 FY18,0.00%,1.08%,ME-D
D41,MN/D,District of Minnesota,Q3 FY18,0.00%,1.08%,MN-D
D42,MS/N,Northern District of Mississippi,Q3 FY18,0.00%,1.08%,MS-N
D46,MT/D,District of Montana,Q3 FY18,0.00%,1.08%,MT-D
D56,NC/E,Eastern District of North Carolina,Q3 FY18,0.00%,1.08%,NC-E
D57,NC/M,Middle District of North Carolina,Q3 FY18,0.00%,1.08%,NC-M
D58,NC/W,Western District of North Carolina,Q3 FY18,0.00%,1.08%,NC-W
D47,NE/D,District of Nebraska,Q3 FY18,0.00%,1.08%,NE-D
D49,NH/D,District of New Hampshire,Q3 FY18,0.00%,1.08%,NH-D
D52,NY/N,Northern District of New York,Q3 FY18,0.00%,1.08%,NY-N
D55,NY/W,Western District of New York,Q3 FY18,0.00%,1.08%,NY-W
D60,OH/N,Northern District of Ohio,Q3 FY18,0.00%,1.08%,OH-N
D63,OK/E,Eastern District of Oklahoma,Q3 FY18,0.00%,1.08%,OK-E
D62,OK/N,Northern District of Oklahoma,Q3 FY18,0.00%,1.08%,OK-N
D66,PA/E,Eastern District of Pennsylvania,Q3 FY18,0.00%,1.08%,PA-E
D70,RI/D,District of Rhode Island,Q3 FY18,0.00%,1.08%,RI-D
D74,TN/E,Eastern District of Tennessee,Q3 FY18,0.00%,1.08%,TN-E
D78,TX/E,Eastern District of Texas,Q3 FY18,0.00%,1.08%,TX-E
D77,TX/N,Northern District of Texas,Q3 FY18,0.00%,1.08%,TX-N
D81,UT/D,District of Utah,Q3 FY18,0.00%,1.08%,UT-D
D84,VA/W,Western District of Virginia,Q3 FY18,0.00%,1.08%,VA-W
D82,VT/D,District of Vermont,Q3 FY18,0.00%,1.08%,VT-D
D89,WI/E,Eastern District of Wisconsin,Q3 FY18,0.00%,1.08%,WI-E
D90,WI/W,Western District of Wisconsin,Q3 FY18,0.00%,1.08%,WI-W
D87,WV/N,Northern District of West Virginia,Q3 FY18,0.00%,1.08%,WV-N
D88,WV/S,Southern District of West Virginia,Q3 FY18,0.00%,1.08%,WV-S
D91,WY/D,District of Wyoming,Q3 FY18,0.00%,1.08%,WY-D
D06,AK/D,District of Alaska,Q4 FY18,0.00%,1.38%,AK-D
D01,AL/N,Northern District of Alabama,Q4 FY18,0.00%,1.38%,AL-N
D09,AR/E,Eastern District of Arkansas,Q4 FY18,0.00%,1.38%,AR-E
D10,AR/W,Western District of Arkansas,Q4 FY18,0.00%,1.38%,AR-W
D08,AZ/D,District of Arizona,Q4 FY18,0.00%,1.38%,AZ-D
D11,CA/N,Northern District of California,Q4 FY18,0.00%,1.38%,CA-N
D15,DE/D,District of Delaware,Q4 FY18,0.00%,1.38%,DE-D
D18,FL/M,Middle District of Florida,Q4 FY18,0.00%,1.38%,FL-M
D17,FL/N,Northern District of Florida,Q4 FY18,0.00%,1.38%,FL-N
D04,FL/S,Southern District of Florida,Q4 FY18,0.00%,1.38%,FL-S
D21,GA/S,Southern District of Georgia,Q4 FY18,0.00%,1.38%,GA-S
D93,GU/D,District of Guam/Northern Mariana Island,Q4 FY18,0.00%,1.38%,GU-D
D29,IA/N,Northern District of Iowa,Q4 FY18,0.00%,1.38%,IA-N
D23,ID/D,District of Idaho,Q4 FY18,0.00%,1.38%,ID-D
D25,IL/S,Southern District of Illinois,Q4 FY18,0.00%,1.38%,IL-S
D27,IN/N,Northern District of Indiana,Q4 FY18,0.00%,1.38%,IN-N
D28,IN/S,Southern District of Indiana,Q4 FY18,0.00%,1.38%,IN-S
D31,KS/D,District of Kansas,Q4 FY18,0.00%,1.38%,KS-D
D32,KY/E,Eastern District of Kentucky,Q4 FY18,0.00%,1.38%,KY-E
D33,KY/W,Western District of Kentucky,Q4 FY18,0.00%,1.38%,KY-W
D34,LA/E,Eastern District of Louisiana,Q4 FY18,0.00%,1.38%,LA-E
D95,LA/M,Middle District of Louisiana,Q4 FY18,0.00%,1.38%,LA-M
D36,ME/D,District of Maine,Q4 FY18,0.00%,1.38%,ME-D
D41,MN/D,District of Minnesota,Q4 FY18,0.00%,1.38%,MN-D
D45,MO/W,Western District of Missouri,Q4 FY18,0.00%,1.38%,MO-W
D42,MS/N,Northern District of Mississippi,Q4 FY18,0.00%,1.38%,MS-N
D57,NC/M,Middle District of North Carolina,Q4 FY18,0.00%,1.38%,NC-M
D59,ND/D,District of North Dakota,Q4 FY18,0.00%,1.38%,ND-D
D47,NE/D,District of Nebraska,Q4 FY18,0.00%,1.38%,NE-D
D49,NH/D,District of New Hampshire,Q4 FY18,0.00%,1.38%,NH-D
D50,NJ/D,District of New Jersey,Q4 FY18,0.00%,1.38%,NJ-D
D54,NY/S,Southern District of New York,Q4 FY18,0.00%,1.38%,NY-S
D55,NY/W,Western District of New York,Q4 FY18,0.00%,1.38%,NY-W
D63,OK/E,Eastern District of Oklahoma,Q4 FY18,0.00%,1.38%,OK-E
D73,SD/D,District of South Dakota,Q4 FY18,0.00%,1.38%,SD-D
D74,TN/E,Eastern District of Tennessee,Q4 FY18,0.00%,1.38%,TN-E
D81,UT/D,District of Utah,Q4 FY18,0.00%,1.38%,UT-D
D90,WI/W,Western District of Wisconsin,Q4 FY18,0.00%,1.38%,WI-W
D87,WV/N,Northern District of West Virginia,Q4 FY18,0.00%,1.38%,WV-N
D88,WV/S,Southern District of West Virginia,Q4 FY18,0.00%,1.38%,WV-S
D06,AK/D,District of Alaska,Q1 FY19,0.00%,1.76%,AK-D
D02,AL/M,Middle District of Alabama,Q1 FY19,0.00%,1.76%,AL-M
D09,AR/E,Eastern District of Arkansas,Q1 FY19,0.00%,1.76%,AR-E
D10,AR/W,Western District of Arkansas,Q1 FY19,0.00%,1.76%,AR-W
D15,DE/D,District of Delaware,Q1 FY19,0.00%,1.76%,DE-D
D17,FL/N,Northern District of Florida,Q1 FY19,0.00%,1.76%,FL-N
D04,FL/S,Southern District of Florida,Q1 FY19,0.00%,1.76%,FL-S
D21,GA/S,Southern District of Georgia,Q1 FY19,0.00%,1.76%,GA-S
D93,GU/D,District of Guam/Northern Mariana Island,Q1 FY19,0.00%,1.76%,GU-D
D29,IA/N,Northern District of Iowa,Q1 FY19,0.00%,1.76%,IA-N
D30,IA/S,Southern District of Iowa,Q1 FY19,0.00%,1.76%,IA-S
D26,IL/C,Central District of Illinois,Q1 FY19,0.00%,1.76%,IL-C
D24,IL/N,Northern District of Illinois,Q1 FY19,0.00%,1.76%,IL-N
D25,IL/S,Southern District of Illinois,Q1 FY19,0.00%,1.76%,IL-S
D27,IN/N,Northern District of Indiana,Q1 FY19,0.00%,1.76%,IN-N
D31,KS/D,District of Kansas,Q1 FY19,0.00%,1.76%,KS-D
D32,KY/E,Eastern District of Kentucky,Q1 FY19,0.00%,1.76%,KY-E
D36,ME/D,District of Maine,Q1 FY19,0.00%,1.76%,ME-D
D41,MN/D,District of Minnesota,Q1 FY19,0.00%,1.76%,MN-D
D42,MS/N,Northern District of Mississippi,Q1 FY19,0.00%,1.76%,MS-N
D56,NC/E,Eastern District of North Carolina,Q1 FY19,0.00%,1.76%,NC-E
D58,NC/W,Western District of North Carolina,Q1 FY19,0.00%,1.76%,NC-W
D49,NH/D,District of New Hampshire,Q1 FY19,0.00%,1.76%,NH-D
D52,NY/N,Northern District of New York,Q1 FY19,0.00%,1.76%,NY-N
D63,OK/E,Eastern District of Oklahoma,Q1 FY19,0.00%,1.76%,OK-E
D62,OK/N,Northern District of Oklahoma,Q1 FY19,0.00%,1.76%,OK-N
D68,PA/W,Western District of Pennsylvania,Q1 FY19,0.00%,1.76%,PA-W
D69,PR/D,District of Puerto Rico,Q1 FY19,0.00%,1.76%,PR-D
D74,TN/E,Eastern District of Tennessee,Q1 FY19,0.00%,1.76%,TN-E
D84,VA/W,Western District of Virginia,Q1 FY19,0.00%,1.76%,VA-W
D94,VI/D,District of the Virgin Islands,Q1 FY19,0.00%,1.76%,VI-D
D89,WI/E,Eastern District of Wisconsin,Q1 FY19,0.00%,1.76%,WI-E
D90,WI/W,Western District of Wisconsin,Q1 FY19,0.00%,1.76%,WI-W
D87,WV/N,Northern District of West Virginia,Q1 FY19,0.00%,1.76%,WV-N
D02,AL/M,Middle District of Alabama,Q3 FY19,0.00%,1.99%,AL-M
D01,AL/N,Northern District of Alabama,Q3 FY19,0.00%,1.99%,AL-N
D09,AR/E,Eastern District of Arkansas,Q3 FY19,0.00%,1.99%,AR-E
D10,AR/W,Western District of Arkansas,Q3 FY19,0.00%,1.99%,AR-W
D16,DC/D,District of Columbia,Q3 FY19,0.00%,1.99%,DC-D
D15,DE/D,District of Delaware,Q3 FY19,0.00%,1.99%,DE-D
D93,GU/D,District of Guam/Northern Mariana Island,Q3 FY19,0.00%,1.99%,GU-D
D26,IL/C,Central District of Illinois,Q3 FY19,0.00%,1.99%,IL-C
D25,IL/S,Southern District of Illinois,Q3 FY19,0.00%,1.99%,IL-S
D28,IN/S,Southern District of Indiana,Q3 FY19,0.00%,1.99%,IN-S
D31,KS/D,District of Kansas,Q3 FY19,0.00%,1.99%,KS-D
D40,MI/W,Western District of Michigan,Q3 FY19,0.00%,1.99%,MI-W
D41,MN/D,District of Minnesota,Q3 FY19,0.00%,1.99%,MN-D
D44,MO/E,Eastern District of Missouri,Q3 FY19,0.00%,1.99%,MO-E
D45,MO/W,Western District of Missouri,Q3 FY19,0.00%,1.99%,MO-W
D42,MS/N,Northern District of Mississippi,Q3 FY19,0.00%,1.99%,MS-N
D46,MT/D,District of Montana,Q3 FY19,0.00%,1.99%,MT-D
D47,NE/D,District of Nebraska,Q3 FY19,0.00%,1.99%,NE-D
D49,NH/D,District of New Hampshire,Q3 FY19,0.00%,1.99%,NH-D
D48,NV/D,District of Nevada,Q3 FY19,0.00%,1.99%,NV-D
D55,NY/W,Western District of New York,Q3 FY19,0.00%,1.99%,NY-W
D60,OH/N,Northern District of Ohio,Q3 FY19,0.00%,1.99%,OH-N
D63,OK/E,Eastern District of Oklahoma,Q3 FY19,0.00%,1.99%,OK-E
D65,OR/D,District of Oregon,Q3 FY19,0.00%,1.99%,OR-D
D78,TX/E,Eastern District of Texas,Q3 FY19,0.00%,1.99%,TX-E
D84,VA/W,Western District of Virginia,Q3 FY19,0.00%,1.99%,VA-W
D85,WA/E,Eastern District of Washington,Q3 FY19,0.00%,1.99%,WA-E
D89,WI/E,Eastern District of Wisconsin,Q3 FY19,0.00%,1.99%,WI-E
D90,WI/W,Western District of Wisconsin,Q3 FY19,0.00%,1.99%,WI-W
D09,AR/E,Eastern District of Arkansas,Q4 FY19,0.00%,3.93%,AR-E
D10,AR/W,Western District of Arkansas,Q4 FY19,0.00%,3.93%,AR-W
D15,DE/D,District of Delaware,Q4 FY19,0.00%,3.93%,DE-D
D04,FL/S,Southern District of Florida,Q4 FY19,0.00%,3.93%,FL-S
D21,GA/S,Southern District of Georgia,Q4 FY19,0.00%,3.93%,GA-S
D29,IA/N,Northern District of Iowa,Q4 FY19,0.00%,3.93%,IA-N
D30,IA/S,Southern District of Iowa,Q4 FY19,0.00%,3.93%,IA-S
D23,ID/D,District of Idaho,Q4 FY19,0.00%,3.93%,ID-D
D25,IL/S,Southern District of Illinois,Q4 FY19,0.00%,3.93%,IL-S
D27,IN/N,Northern District of Indiana,Q4 FY19,0.00%,3.93%,IN-N
D28,IN/S,Southern District of Indiana,Q4 FY19,0.00%,3.93%,IN-S
D31,KS/D,District of Kansas,Q4 FY19,0.00%,3.93%,KS-D
D32,KY/E,Eastern District of Kentucky,Q4 FY19,0.00%,3.93%,KY-E
D33,KY/W,Western District of Kentucky,Q4 FY19,0.00%,3.93%,KY-W
D35,LA/W,Western District of Louisiana,Q4 FY19,0.00%,3.93%,LA-W
D41,MN/D,District of Minnesota,Q4 FY19,0.00%,3.93%,MN-D
D44,MO/E,Eastern District of Missouri,Q4 FY19,0.00%,3.93%,MO-E
D42,MS/N,Northern District of Mississippi,Q4 FY19,0.00%,3.93%,MS-N
D46,MT/D,District of Montana,Q4 FY19,0.00%,3.93%,MT-D
D47,NE/D,District of Nebraska,Q4 FY19,0.00%,3.93%,NE-D
D55,NY/W,Western District of New York,Q4 FY19,0.00%,3.93%,NY-W
D68,PA/W,Western District of Pennsylvania,Q4 FY19,0.00%,3.93%,PA-W
D73,SD/D,District of South Dakota,Q4 FY19,0.00%,3.93%,SD-D
D74,TN/E,Eastern District of Tennessee,Q4 FY19,0.00%,3.93%,TN-E
D78,TX/E,Eastern District of Texas,Q4 FY19,0.00%,3.93%,TX-E
D84,VA/W,Western District of Virginia,Q4 FY19,0.00%,3.93%,VA-W
D82,VT/D,District of Vermont,Q4 FY19,0.00%,3.93%,VT-D
D89,WI/E,Eastern District of Wisconsin,Q4 FY19,0.00%,3.93%,WI-E
D88,WV/S,Southern District of West Virginia,Q4 FY19,0.00%,3.93%,WV-S
D02,AL/M,Middle District of Alabama,Q1 FY20,0.00%,4.36%,AL-M
D01,AL/N,Northern District of Alabama,Q1 FY20,0.00%,4.36%,AL-N
D10,AR/W,Western District of Arkansas,Q1 FY20,0.00%,4.36%,AR-W
D11,CA/N,Northern District of California,Q1 FY20,0.00%,4.36%,CA-N
D15,DE/D,District of Delaware,Q1 FY20,0.00%,4.36%,DE-D
D04,FL/S,Southern District of Florida,Q1 FY20,0.00%,4.36%,FL-S
D20,GA/M,Middle District of Georgia,Q1 FY20,0.00%,4.36%,GA-M
D21,GA/S,Southern District of Georgia,Q1 FY20,0.00%,4.36%,GA-S
D22,HI/D,District of Hawaii,Q1 FY20,0.00%,4.36%,HI-D
D29,IA/N,Northern District of Iowa,Q1 FY20,0.00%,4.36%,IA-N
D30,IA/S,Southern District of Iowa,Q1 FY20,0.00%,4.36%,IA-S
D25,IL/S,Southern District of Illinois,Q1 FY20,0.00%,4.36%,IL-S
D27,IN/N,Northern District of Indiana,Q1 FY20,0.00%,4.36%,IN-N
D31,KS/D,District of Kansas,Q1 FY20,0.00%,4.36%,KS-D
D35,LA/W,Western District of Louisiana,Q1 FY20,0.00%,4.36%,LA-W
D41,MN/D,District of Minnesota,Q1 FY20,0.00%,4.36%,MN-D
D42,MS/N,Northern District of Mississippi,Q1 FY20,0.00%,4.36%,MS-N
D46,MT/D,District of Montana,Q1 FY20,0.00%,4.36%,MT-D
D57,NC/M,Middle District of North Carolina,Q1 FY20,0.00%,4.36%,NC-M
D59,ND/D,District of North Dakota,Q1 FY20,0.00%,4.36%,ND-D
D55,NY/W,Western District of New York,Q1 FY20,0.00%,4.36%,NY-W
D61,OH/S,Southern District of Ohio,Q1 FY20,0.00%,4.36%,OH-S
D68,PA/W,Western District of Pennsylvania,Q1 FY20,0.00%,4.36%,PA-W
D73,SD/D,District of South Dakota,Q1 FY20,0.00%,4.36%,SD-D
D76,TN/W,Western District of Tennessee,Q1 FY20,0.00%,4.36%,TN-W
D78,TX/E,Eastern District of Texas,Q1 FY20,0.00%,4.36%,TX-E
D81,UT/D,District of Utah,Q1 FY20,0.00%,4.36%,UT-D
D84,VA/W,Western District of Virginia,Q1 FY20,0.00%,4.36%,VA-W
D82,VT/D,District of Vermont,Q1 FY20,0.00%,4.36%,VT-D
D90,WI/W,Western District of Wisconsin,Q1 FY20,0.00%,4.36%,WI-W
D87,WV/N,Northern District of West Virginia,Q1 FY20,0.00%,4.36%,WV-N
D02,AL/M,Middle District of Alabama,Q2 FY20,0.00%,1.47%,AL-M
D01,AL/N,Northern District of Alabama,Q2 FY20,0.00%,1.47%,AL-N
D09,AR/E,Eastern District of Arkansas,Q2 FY20,0.00%,1.47%,AR-E
D10,AR/W,Western District of Arkansas,Q2 FY20,0.00%,1.47%,AR-W
D11,CA/N,Northern District of California,Q2 FY20,0.00%,1.47%,CA-N
D16,DC/D,District of Columbia,Q2 FY20,0.00%,1.47%,DC-D
D18,FL/M,Middle District of Florida,Q2 FY20,0.00%,1.47%,FL-M
D17,FL/N,Northern District of Florida,Q2 FY20,0.00%,1.47%,FL-N
D21,GA/S,Southern District of Georgia,Q2 FY20,0.00%,1.47%,GA-S
D93,GU/D,District of Guam/Northern Mariana Island,Q2 FY20,0.00%,1.47%,GU-D
D30,IA/S,Southern District of Iowa,Q2 FY20,0.00%,1.47%,IA-S
D25,IL/S,Southern District of Illinois,Q2 FY20,0.00%,1.47%,IL-S
D27,IN/N,Northern District of Indiana,Q2 FY20,0.00%,1.47%,IN-N
D33,KY/W,Western District of Kentucky,Q2 FY20,0.00%,1.47%,KY-W
D95,LA/M,Middle District of Louisiana,Q2 FY20,0.00%,1.47%,LA-M
D35,LA/W,Western District of Louisiana,Q2 FY20,0.00%,1.47%,LA-W
D40,MI/W,Western District of Michigan,Q2 FY20,0.00%,1.47%,MI-W
D42,MS/N,Northern District of Mississippi,Q2 FY20,0.00%,1.47%,MS-N
D46,MT/D,District of Montana,Q2 FY20,0.00%,1.47%,MT-D
D57,NC/M,Middle District of North Carolina,Q2 FY20,0.00%,1.47%,NC-M
D58,NC/W,Western District of North Carolina,Q2 FY20,0.00%,1.47%,NC-W
D59,ND/D,District of North Dakota,Q2 FY20,0.00%,1.47%,ND-D
D48,NV/D,District of Nevada,Q2 FY20,0.00%,1.47%,NV-D
D52,NY/N,Northern District of New York,Q2 FY20,0.00%,1.47%,NY-N
D55,NY/W,Western District of New York,Q2 FY20,0.00%,1.47%,NY-W
D60,OH/N,Northern District of Ohio,Q2 FY20,0.00%,1.47%,OH-N
D63,OK/E,Eastern District of Oklahoma,Q2 FY20,0.00%,1.47%,OK-E
D68,PA/W,Western District of Pennsylvania,Q2 FY20,0.00%,1.47%,PA-W
D73,SD/D,District of South Dakota,Q2 FY20,0.00%,1.47%,SD-D
D76,TN/W,Western District of Tennessee,Q2 FY20,0.00%,1.47%,TN-W
D84,VA/W,Western District of Virginia,Q2 FY20,0.00%,1.47%,VA-W
D94,VI/D,District of the Virgin Islands,Q2 FY20,0.00%,1.47%,VI-D
D89,WI/E,Eastern District of Wisconsin,Q2 FY20,0.00%,1.47%,WI-E
D90,WI/W,Western District of Wisconsin,Q2 FY20,0.00%,1.47%,WI-W
D87,WV/N,Northern District of West Virginia,Q2 FY20,0.00%,1.47%,WV-N
All Districts,All Districts,All Districts,Q3 FY18,1.08%,1.08%, All Districts
D06,AK/D,District of Alaska,Q3 FY18,2.94%,1.08%,AK-D
D01,AL/N,Northern District of Alabama,Q3 FY18,0.89%,1.08%,AL-N
D03,AL/S,Southern District of Alabama,Q3 FY18,13.11%,1.08%,AL-S
D10,AR/W,Western District of Arkansas,Q3 FY18,1.11%,1.08%,AR-W
D97,CA/E,Eastern District of California,Q3 FY18,1.16%,1.08%,CA-E
D11,CA/N,Northern District of California,Q3 FY18,0.90%,1.08%,CA-N
D98,CA/S,Southern District of California,Q3 FY18,1.80%,1.08%,CA-S
D13,CO/D,District of Colorado,Q3 FY18,0.82%,1.08%,CO-D
D16,DC/D,District of Columbia,Q3 FY18,4.20%,1.08%,DC-D
D07,DC/SC,District of Columbia Superior Court,Q3 FY18,2.70%,1.08%,DC-SC
D18,FL/M,Middle District of Florida,Q3 FY18,0.45%,1.08%,FL-M
D17,FL/N,Northern District of Florida,Q3 FY18,1.18%,1.08%,FL-N
D04,FL/S,Southern District of Florida,Q3 FY18,3.42%,1.08%,FL-S
D19,GA/N,Northern District of Georgia,Q3 FY18,1.71%,1.08%,GA-N
D22,HI/D,District of Hawaii,Q3 FY18,7.41%,1.08%,HI-D
D29,IA/N,Northern District of Iowa,Q3 FY18,2.24%,1.08%,IA-N
D30,IA/S,Southern District of Iowa,Q3 FY18,4.92%,1.08%,IA-S
D24,IL/N,Northern District of Illinois,Q3 FY18,1.68%,1.08%,IL-N
D32,KY/E,Eastern District of Kentucky,Q3 FY18,1.30%,1.08%,KY-E
D33,KY/W,Western District of Kentucky,Q3 FY18,2.11%,1.08%,KY-W
D34,LA/E,Eastern District of Louisiana,Q3 FY18,1.14%,1.08%,LA-E
D35,LA/W,Western District of Louisiana,Q3 FY18,0.70%,1.08%,LA-W
D38,MA/D,District of Massachusetts,Q3 FY18,0.51%,1.08%,MA-D
D37,MD/D,District of Maryland,Q3 FY18,0.85%,1.08%,MD-D
D39,MI/E,Eastern District of Michigan,Q3 FY18,11.88%,1.08%,MI-E
D40,MI/W,Western District of Michigan,Q3 FY18,1.35%,1.08%,MI-W
D44,MO/E,Eastern District of Missouri,Q3 FY18,1.13%,1.08%,MO-E
D45,MO/W,Western District of Missouri,Q3 FY18,2.35%,1.08%,MO-W
D43,MS/S,Southern District of Mississippi,Q3 FY18,1.64%,1.08%,MS-S
D59,ND/D,District of North Dakota,Q3 FY18,0.70%,1.08%,ND-D
D50,NJ/D,District of New Jersey,Q3 FY18,3.64%,1.08%,NJ-D
D51,NM/D,District of New Mexico,Q3 FY18,4.33%,1.08%,NM-D
D48,NV/D,District of Nevada,Q3 FY18,11.94%,1.08%,NV-D
D53,NY/E,Eastern District of New York,Q3 FY18,7.79%,1.08%,NY-E
D54,NY/S,Southern District of New York,Q3 FY18,0.70%,1.08%,NY-S
D61,OH/S,Southern District of Ohio,Q3 FY18,2.73%,1.08%,OH-S
D64,OK/W,Western District of Oklahoma,Q3 FY18,10.57%,1.08%,OK-W
D65,OR/D,District of Oregon,Q3 FY18,0.48%,1.08%,OR-D
D67,PA/M,Middle District of Pennsylvania,Q3 FY18,0.88%,1.08%,PA-M
D68,PA/W,Western District of Pennsylvania,Q3 FY18,2.02%,1.08%,PA-W
D69,PR/D,District of Puerto Rico,Q3 FY18,4.35%,1.08%,PR-D
D71,SC/D,District of South Carolina,Q3 FY18,1.57%,1.08%,SC-D
D73,SD/D,District of South Dakota,Q3 FY18,0.75%,1.08%,SD-D
D75,TN/M,Middle District of Tennessee,Q3 FY18,0.93%,1.08%,TN-M
D76,TN/W,Western District of Tennessee,Q3 FY18,3.33%,1.08%,TN-W
D79,TX/S,Southern District of Texas,Q3 FY18,4.53%,1.08%,TX-S
D80,TX/W,Western District of Texas,Q3 FY18,5.01%,1.08%,TX-W
D83,VA/E,Eastern District of Virginia,Q3 FY18,4.39%,1.08%,VA-E
D94,VI/D,District of the Virgin Islands,Q3 FY18,0.87%,1.08%,VI-D
D85,WA/E,Eastern District of Washington,Q3 FY18,1.31%,1.08%,WA-E
D86,WA/W,Western District of Washington,Q3 FY18,6.09%,1.08%,WA-W
All Districts,All Districts,All Districts,Q4 FY18,1.38%,1.38%, All Districts
D02,AL/M,Middle District of Alabama,Q4 FY18,4.84%,1.38%,AL-M
D03,AL/S,Southern District of Alabama,Q4 FY18,5.13%,1.38%,AL-S
D12,CA/C,Central District of California,Q4 FY18,1.28%,1.38%,CA-C
D97,CA/E,Eastern District of California,Q4 FY18,5.03%,1.38%,CA-E
D98,CA/S,Southern District of California,Q4 FY18,6.45%,1.38%,CA-S
D13,CO/D,District of Colorado,Q4 FY18,0.69%,1.38%,CO-D
D14,CT/D,District of Connecticut,Q4 FY18,1.30%,1.38%,CT-D
D16,DC/D,District of Columbia,Q4 FY18,7.65%,1.38%,DC-D
D07,DC/SC,District of Columbia Superior Court,Q4 FY18,1.69%,1.38%,DC-SC
D20,GA/M,Middle District of Georgia,Q4 FY18,1.61%,1.38%,GA-M
D19,GA/N,Northern District of Georgia,Q4 FY18,2.02%,1.38%,GA-N
D22,HI/D,District of Hawaii,Q4 FY18,22.77%,1.38%,HI-D
D30,IA/S,Southern District of Iowa,Q4 FY18,1.32%,1.38%,IA-S
D26,IL/C,Central District of Illinois,Q4 FY18,0.62%,1.38%,IL-C
D24,IL/N,Northern District of Illinois,Q4 FY18,1.61%,1.38%,IL-N
D35,LA/W,Western District of Louisiana,Q4 FY18,0.70%,1.38%,LA-W
D38,MA/D,District of Massachusetts,Q4 FY18,0.61%,1.38%,MA-D
D37,MD/D,District of Maryland,Q4 FY18,2.59%,1.38%,MD-D
D39,MI/E,Eastern District of Michigan,Q4 FY18,5.24%,1.38%,MI-E
D40,MI/W,Western District of Michigan,Q4 FY18,0.95%,1.38%,MI-W
D44,MO/E,Eastern District of Missouri,Q4 FY18,2.72%,1.38%,MO-E
D43,MS/S,Southern District of Mississippi,Q4 FY18,2.04%,1.38%,MS-S
D46,MT/D,District of Montana,Q4 FY18,0.59%,1.38%,MT-D
D56,NC/E,Eastern District of North Carolina,Q4 FY18,3.73%,1.38%,NC-E
D58,NC/W,Western District of North Carolina,Q4 FY18,2.78%,1.38%,NC-W
D51,NM/D,District of New Mexico,Q4 FY18,1.54%,1.38%,NM-D
D48,NV/D,District of Nevada,Q4 FY18,3.45%,1.38%,NV-D
D53,NY/E,Eastern District of New York,Q4 FY18,6.85%,1.38%,NY-E
D52,NY/N,Northern District of New York,Q4 FY18,1.53%,1.38%,NY-N
D60,OH/N,Northern District of Ohio,Q4 FY18,1.53%,1.38%,OH-N
D61,OH/S,Southern District of Ohio,Q4 FY18,0.71%,1.38%,OH-S
D62,OK/N,Northern District of Oklahoma,Q4 FY18,3.39%,1.38%,OK-N
D64,OK/W,Western District of Oklahoma,Q4 FY18,4.11%,1.38%,OK-W
D65,OR/D,District of Oregon,Q4 FY18,0.48%,1.38%,OR-D
D66,PA/E,Eastern District of Pennsylvania,Q4 FY18,2.46%,1.38%,PA-E
D67,PA/M,Middle District of Pennsylvania,Q4 FY18,4.08%,1.38%,PA-M
D68,PA/W,Western District of Pennsylvania,Q4 FY18,1.10%,1.38%,PA-W
D69,PR/D,District of Puerto Rico,Q4 FY18,1.39%,1.38%,PR-D
D70,RI/D,District of Rhode Island,Q4 FY18,3.19%,1.38%,RI-D
D71,SC/D,District of South Carolina,Q4 FY18,1.73%,1.38%,SC-D
D75,TN/M,Middle District of Tennessee,Q4 FY18,5.56%,1.38%,TN-M
D76,TN/W,Western District of Tennessee,Q4 FY18,3.26%,1.38%,TN-W
D78,TX/E,Eastern District of Texas,Q4 FY18,0.44%,1.38%,TX-E
D77,TX/N,Northern District of Texas,Q4 FY18,0.48%,1.38%,TX-N
D79,TX/S,Southern District of Texas,Q4 FY18,0.95%,1.38%,TX-S
D80,TX/W,Western District of Texas,Q4 FY18,6.97%,1.38%,TX-W
D83,VA/E,Eastern District of Virginia,Q4 FY18,1.30%,1.38%,VA-E
D84,VA/W,Western District of Virginia,Q4 FY18,2.50%,1.38%,VA-W
D94,VI/D,District of the Virgin Islands,Q4 FY18,7.25%,1.38%,VI-D
D82,VT/D,District of Vermont,Q4 FY18,2.90%,1.38%,VT-D
D85,WA/E,Eastern District of Washington,Q4 FY18,0.83%,1.38%,WA-E
D86,WA/W,Western District of Washington,Q4 FY18,4.08%,1.38%,WA-W
D89,WI/E,Eastern District of Wisconsin,Q4 FY18,1.32%,1.38%,WI-E
D91,WY/D,District of Wyoming,Q4 FY18,0.96%,1.38%,WY-D
All Districts,All Districts,All Districts,Q1 FY19,1.76%,1.76%, All Districts
D01,AL/N,Northern District of Alabama,Q1 FY19,3.92%,1.76%,AL-N
D03,AL/S,Southern District of Alabama,Q1 FY19,13.79%,1.76%,AL-S
D08,AZ/D,District of Arizona,Q1 FY19,2.15%,1.76%,AZ-D
D12,CA/C,Central District of California,Q1 FY19,0.64%,1.76%,CA-C
D97,CA/E,Eastern District of California,Q1 FY19,0.66%,1.76%,CA-E
D11,CA/N,Northern District of California,Q1 FY19,0.94%,1.76%,CA-N
D98,CA/S,Southern District of California,Q1 FY19,14.49%,1.76%,CA-S
D13,CO/D,District of Colorado,Q1 FY19,5.36%,1.76%,CO-D
D14,CT/D,District of Connecticut,Q1 FY19,5.45%,1.76%,CT-D
D16,DC/D,District of Columbia,Q1 FY19,,1.76%,DC-D
D07,DC/SC,District of Columbia Superior Court,Q1 FY19,12.00%,1.76%,DC-SC
D18,FL/M,Middle District of Florida,Q1 FY19,0.68%,1.76%,FL-M
D20,GA/M,Middle District of Georgia,Q1 FY19,5.00%,1.76%,GA-M
D19,GA/N,Northern District of Georgia,Q1 FY19,2.25%,1.76%,GA-N
D22,HI/D,District of Hawaii,Q1 FY19,18.18%,1.76%,HI-D
D23,ID/D,District of Idaho,Q1 FY19,1.65%,1.76%,ID-D
D28,IN/S,Southern District of Indiana,Q1 FY19,1.39%,1.76%,IN-S
D33,KY/W,Western District of Kentucky,Q1 FY19,1.04%,1.76%,KY-W
D34,LA/E,Eastern District of Louisiana,Q1 FY19,2.97%,1.76%,LA-E
D95,LA/M,Middle District of Louisiana,Q1 FY19,11.76%,1.76%,LA-M
D35,LA/W,Western District of Louisiana,Q1 FY19,0.88%,1.76%,LA-W
D38,MA/D,District of Massachusetts,Q1 FY19,0.86%,1.76%,MA-D
D37,MD/D,District of Maryland,Q1 FY19,10.14%,1.76%,MD-D
D39,MI/E,Eastern District of Michigan,Q1 FY19,1.91%,1.76%,MI-E
D40,MI/W,Western District of Michigan,Q1 FY19,4.29%,1.76%,MI-W
D44,MO/E,Eastern District of Missouri,Q1 FY19,20.29%,1.76%,MO-E
D45,MO/W,Western District of Missouri,Q1 FY19,2.44%,1.76%,MO-W
D43,MS/S,Southern District of Mississippi,Q1 FY19,6.38%,1.76%,MS-S
D46,MT/D,District of Montana,Q1 FY19,1.77%,1.76%,MT-D
D57,NC/M,Middle District of North Carolina,Q1 FY19,4.05%,1.76%,NC-M
D59,ND/D,District of North Dakota,Q1 FY19,4.04%,1.76%,ND-D
D47,NE/D,District of Nebraska,Q1 FY19,2.47%,1.76%,NE-D
D50,NJ/D,District of New Jersey,Q1 FY19,1.61%,1.76%,NJ-D
D51,NM/D,District of New Mexico,Q1 FY19,3.39%,1.76%,NM-D
D48,NV/D,District of Nevada,Q1 FY19,1.96%,1.76%,NV-D
D53,NY/E,Eastern District of New York,Q1 FY19,2.30%,1.76%,NY-E
D54,NY/S,Southern District of New York,Q1 FY19,0.86%,1.76%,NY-S
D55,NY/W,Western District of New York,Q1 FY19,0.71%,1.76%,NY-W
D60,OH/N,Northern District of Ohio,Q1 FY19,0.81%,1.76%,OH-N
D61,OH/S,Southern District of Ohio,Q1 FY19,2.86%,1.76%,OH-S
D64,OK/W,Western District of Oklahoma,Q1 FY19,2.59%,1.76%,OK-W
D65,OR/D,District of Oregon,Q1 FY19,0.69%,1.76%,OR-D
D66,PA/E,Eastern District of Pennsylvania,Q1 FY19,3.41%,1.76%,PA-E
D67,PA/M,Middle District of Pennsylvania,Q1 FY19,11.63%,1.76%,PA-M
D70,RI/D,District of Rhode Island,Q1 FY19,1.64%,1.76%,RI-D
D71,SC/D,District of South Carolina,Q1 FY19,4.35%,1.76%,SC-D
D73,SD/D,District of South Dakota,Q1 FY19,0.81%,1.76%,SD-D
D75,TN/M,Middle District of Tennessee,Q1 FY19,8.89%,1.76%,TN-M
D76,TN/W,Western District of Tennessee,Q1 FY19,3.64%,1.76%,TN-W
D78,TX/E,Eastern District of Texas,Q1 FY19,0.53%,1.76%,TX-E
D77,TX/N,Northern District of Texas,Q1 FY19,1.16%,1.76%,TX-N
D79,TX/S,Southern District of Texas,Q1 FY19,5.88%,1.76%,TX-S
D80,TX/W,Western District of Texas,Q1 FY19,11.00%,1.76%,TX-W
D81,UT/D,District of Utah,Q1 FY19,0.91%,1.76%,UT-D
D83,VA/E,Eastern District of Virginia,Q1 FY19,3.67%,1.76%,VA-E
D82,VT/D,District of Vermont,Q1 FY19,11.32%,1.76%,VT-D
D85,WA/E,Eastern District of Washington,Q1 FY19,2.73%,1.76%,WA-E
D86,WA/W,Western District of Washington,Q1 FY19,7.96%,1.76%,WA-W
D88,WV/S,Southern District of West Virginia,Q1 FY19,1.14%,1.76%,WV-S
D91,WY/D,District of Wyoming,Q1 FY19,2.38%,1.76%,WY-D
All Districts,All Districts,All Districts,Q2 FY20,1.47%,1.47%, All Districts
D06,AK/D,District of Alaska,Q2 FY20,1.27%,1.47%,AK-D
D03,AL/S,Southern District of Alabama,Q2 FY20,8.00%,1.47%,AL-S
D08,AZ/D,District of Arizona,Q2 FY20,0.45%,1.47%,AZ-D
D12,CA/C,Central District of California,Q2 FY20,1.20%,1.47%,CA-C
D97,CA/E,Eastern District of California,Q2 FY20,3.03%,1.47%,CA-E
D98,CA/S,Southern District of California,Q2 FY20,5.56%,1.47%,CA-S
D13,CO/D,District of Colorado,Q2 FY20,6.74%,1.47%,CO-D
D14,CT/D,District of Connecticut,Q2 FY20,2.11%,1.47%,CT-D
D07,DC/SC,District of Columbia Superior Court,Q2 FY20,11.11%,1.47%,DC-SC
D15,DE/D,District of Delaware,Q2 FY20,2.22%,1.47%,DE-D
D04,FL/S,Southern District of Florida,Q2 FY20,1.63%,1.47%,FL-S
D20,GA/M,Middle District of Georgia,Q2 FY20,4.08%,1.47%,GA-M
D19,GA/N,Northern District of Georgia,Q2 FY20,7.41%,1.47%,GA-N
D22,HI/D,District of Hawaii,Q2 FY20,4.76%,1.47%,HI-D
D29,IA/N,Northern District of Iowa,Q2 FY20,2.94%,1.47%,IA-N
D23,ID/D,District of Idaho,Q2 FY20,2.19%,1.47%,ID-D
D26,IL/C,Central District of Illinois,Q2 FY20,2.54%,1.47%,IL-C
D24,IL/N,Northern District of Illinois,Q2 FY20,4.07%,1.47%,IL-N
D28,IN/S,Southern District of Indiana,Q2 FY20,1.12%,1.47%,IN-S
D31,KS/D,District of Kansas,Q2 FY20,3.42%,1.47%,KS-D
D32,KY/E,Eastern District of Kentucky,Q2 FY20,2.40%,1.47%,KY-E
D34,LA/E,Eastern District of Louisiana,Q2 FY20,9.52%,1.47%,LA-E
D38,MA/D,District of Massachusetts,Q2 FY20,8.11%,1.47%,MA-D
D37,MD/D,District of Maryland,Q2 FY20,3.03%,1.47%,MD-D
D36,ME/D,District of Maine,Q2 FY20,4.29%,1.47%,ME-D
D39,MI/E,Eastern District of Michigan,Q2 FY20,3.35%,1.47%,MI-E
D41,MN/D,District of Minnesota,Q2 FY20,5.94%,1.47%,MN-D
D44,MO/E,Eastern District of Missouri,Q2 FY20,0.64%,1.47%,MO-E
D45,MO/W,Western District of Missouri,Q2 FY20,2.20%,1.47%,MO-W
D43,MS/S,Southern District of Mississippi,Q2 FY20,8.16%,1.47%,MS-S
D56,NC/E,Eastern District of North Carolina,Q2 FY20,1.59%,1.47%,NC-E
D47,NE/D,District of Nebraska,Q2 FY20,1.33%,1.47%,NE-D
D49,NH/D,District of New Hampshire,Q2 FY20,1.92%,1.47%,NH-D
D50,NJ/D,District of New Jersey,Q2 FY20,16.28%,1.47%,NJ-D
D51,NM/D,District of New Mexico,Q2 FY20,8.19%,1.47%,NM-D
D53,NY/E,Eastern District of New York,Q2 FY20,1.35%,1.47%,NY-E
D54,NY/S,Southern District of New York,Q2 FY20,0.86%,1.47%,NY-S
D61,OH/S,Southern District of Ohio,Q2 FY20,1.59%,1.47%,OH-S
D62,OK/N,Northern District of Oklahoma,Q2 FY20,1.64%,1.47%,OK-N
D64,OK/W,Western District of Oklahoma,Q2 FY20,0.88%,1.47%,OK-W
D65,OR/D,District of Oregon,Q2 FY20,0.76%,1.47%,OR-D
D66,PA/E,Eastern District of Pennsylvania,Q2 FY20,2.70%,1.47%,PA-E
D67,PA/M,Middle District of Pennsylvania,Q2 FY20,1.61%,1.47%,PA-M
D69,PR/D,District of Puerto Rico,Q2 FY20,5.97%,1.47%,PR-D
D70,RI/D,District of Rhode Island,Q2 FY20,1.49%,1.47%,RI-D
D71,SC/D,District of South Carolina,Q2 FY20,2.84%,1.47%,SC-D
D74,TN/E,Eastern District of Tennessee,Q2 FY20,0.56%,1.47%,TN-E
D75,TN/M,Middle District of Tennessee,Q2 FY20,1.82%,1.47%,TN-M
D78,TX/E,Eastern District of Texas,Q2 FY20,0.58%,1.47%,TX-E
D77,TX/N,Northern District of Texas,Q2 FY20,0.46%,1.47%,TX-N
D79,TX/S,Southern District of Texas,Q2 FY20,1.10%,1.47%,TX-S
D80,TX/W,Western District of Texas,Q2 FY20,2.07%,1.47%,TX-W
D81,UT/D,District of Utah,Q2 FY20,0.94%,1.47%,UT-D
D83,VA/E,Eastern District of Virginia,Q2 FY20,2.19%,1.47%,VA-E
D82,VT/D,District of Vermont,Q2 FY20,3.70%,1.47%,VT-D
D85,WA/E,Eastern District of Washington,Q2 FY20,1.10%,1.47%,WA-E
D86,WA/W,Western District of Washington,Q2 FY20,13.33%,1.47%,WA-W
D88,WV/S,Southern District of West Virginia,Q2 FY20,1.30%,1.47%,WV-S
D91,WY/D,District of Wyoming,Q2 FY20,1.19%,1.47%,WY-D
All Districts,All Districts,All Districts,Q1 FY20,4.36%,4.36%, All Districts
D06,AK/D,District of Alaska,Q1 FY20,9.35%,4.36%,AK-D
D03,AL/S,Southern District of Alabama,Q1 FY20,3.33%,4.36%,AL-S
D09,AR/E,Eastern District of Arkansas,Q1 FY20,3.48%,4.36%,AR-E
D08,AZ/D,District of Arizona,Q1 FY20,1.27%,4.36%,AZ-D
D12,CA/C,Central District of California,Q1 FY20,0.96%,4.36%,CA-C
D97,CA/E,Eastern District of California,Q1 FY20,4.21%,4.36%,CA-E
D98,CA/S,Southern District of California,Q1 FY20,7.08%,4.36%,CA-S
D13,CO/D,District of Colorado,Q1 FY20,30.12%,4.36%,CO-D
D14,CT/D,District of Connecticut,Q1 FY20,3.90%,4.36%,CT-D
D16,DC/D,District of Columbia,Q1 FY20,1.12%,4.36%,DC-D
D07,DC/SC,District of Columbia Superior Court,Q1 FY20,21.33%,4.36%,DC-SC
D18,FL/M,Middle District of Florida,Q1 FY20,0.56%,4.36%,FL-M
D17,FL/N,Northern District of Florida,Q1 FY20,1.54%,4.36%,FL-N
D19,GA/N,Northern District of Georgia,Q1 FY20,2.22%,4.36%,GA-N
D93,GU/D,District of Guam/Northern Mariana Island,Q1 FY20,5.88%,4.36%,GU-D
D23,ID/D,District of Idaho,Q1 FY20,3.54%,4.36%,ID-D
D26,IL/C,Central District of Illinois,Q1 FY20,1.69%,4.36%,IL-C
D24,IL/N,Northern District of Illinois,Q1 FY20,7.02%,4.36%,IL-N
D28,IN/S,Southern District of Indiana,Q1 FY20,2.53%,4.36%,IN-S
D32,KY/E,Eastern District of Kentucky,Q1 FY20,0.67%,4.36%,KY-E
D33,KY/W,Western District of Kentucky,Q1 FY20,2.68%,4.36%,KY-W
D34,LA/E,Eastern District of Louisiana,Q1 FY20,3.09%,4.36%,LA-E
D95,LA/M,Middle District of Louisiana,Q1 FY20,2.27%,4.36%,LA-M
D38,MA/D,District of Massachusetts,Q1 FY20,13.92%,4.36%,MA-D
D37,MD/D,District of Maryland,Q1 FY20,1.63%,4.36%,MD-D
D36,ME/D,District of Maine,Q1 FY20,8.00%,4.36%,ME-D
D39,MI/E,Eastern District of Michigan,Q1 FY20,4.93%,4.36%,MI-E
D40,MI/W,Western District of Michigan,Q1 FY20,2.86%,4.36%,MI-W
D44,MO/E,Eastern District of Missouri,Q1 FY20,2.40%,4.36%,MO-E
D45,MO/W,Western District of Missouri,Q1 FY20,5.71%,4.36%,MO-W
D43,MS/S,Southern District of Mississippi,Q1 FY20,13.33%,4.36%,MS-S
D56,NC/E,Eastern District of North Carolina,Q1 FY20,0.72%,4.36%,NC-E
D58,NC/W,Western District of North Carolina,Q1 FY20,2.52%,4.36%,NC-W
D47,NE/D,District of Nebraska,Q1 FY20,1.49%,4.36%,NE-D
D49,NH/D,District of New Hampshire,Q1 FY20,2.13%,4.36%,NH-D
D50,NJ/D,District of New Jersey,Q1 FY20,5.00%,4.36%,NJ-D
D51,NM/D,District of New Mexico,Q1 FY20,4.69%,4.36%,NM-D
D48,NV/D,District of Nevada,Q1 FY20,7.46%,4.36%,NV-D
D53,NY/E,Eastern District of New York,Q1 FY20,1.30%,4.36%,NY-E
D52,NY/N,Northern District of New York,Q1 FY20,2.53%,4.36%,NY-N
D54,NY/S,Southern District of New York,Q1 FY20,1.10%,4.36%,NY-S
D60,OH/N,Northern District of Ohio,Q1 FY20,3.54%,4.36%,OH-N
D63,OK/E,Eastern District of Oklahoma,Q1 FY20,9.30%,4.36%,OK-E
D62,OK/N,Northern District of Oklahoma,Q1 FY20,2.13%,4.36%,OK-N
D64,OK/W,Western District of Oklahoma,Q1 FY20,0.83%,4.36%,OK-W
D65,OR/D,District of Oregon,Q1 FY20,0.69%,4.36%,OR-D
D66,PA/E,Eastern District of Pennsylvania,Q1 FY20,6.85%,4.36%,PA-E
D67,PA/M,Middle District of Pennsylvania,Q1 FY20,1.83%,4.36%,PA-M
D69,PR/D,District of Puerto Rico,Q1 FY20,6.58%,4.36%,PR-D
D70,RI/D,District of Rhode Island,Q1 FY20,4.41%,4.36%,RI-D
D71,SC/D,District of South Carolina,Q1 FY20,24.44%,4.36%,SC-D
D74,TN/E,Eastern District of Tennessee,Q1 FY20,1.63%,4.36%,TN-E
D75,TN/M,Middle District of Tennessee,Q1 FY20,19.23%,4.36%,TN-M
D77,TX/N,Northern District of Texas,Q1 FY20,1.89%,4.36%,TX-N
D79,TX/S,Southern District of Texas,Q1 FY20,5.68%,4.36%,TX-S
D80,TX/W,Western District of Texas,Q1 FY20,11.72%,4.36%,TX-W
D83,VA/E,Eastern District of Virginia,Q1 FY20,10.33%,4.36%,VA-E
D94,VI/D,District of the Virgin Islands,Q1 FY20,2.70%,4.36%,VI-D
D85,WA/E,Eastern District of Washington,Q1 FY20,0.94%,4.36%,WA-E
D86,WA/W,Western District of Washington,Q1 FY20,27.93%,4.36%,WA-W
D89,WI/E,Eastern District of Wisconsin,Q1 FY20,3.08%,4.36%,WI-E
D88,WV/S,Southern District of West Virginia,Q1 FY20,4.76%,4.36%,WV-S
D91,WY/D,District of Wyoming,Q1 FY20,6.06%,4.36%,WY-D
All Districts,All Districts,All Districts,Q4 FY19,3.93%,3.93%, All Districts
D06,AK/D,District of Alaska,Q4 FY19,1.28%,3.93%,AK-D
D02,AL/M,Middle District of Alabama,Q4 FY19,2.17%,3.93%,AL-M
D01,AL/N,Northern District of Alabama,Q4 FY19,1.50%,3.93%,AL-N
D03,AL/S,Southern District of Alabama,Q4 FY19,17.07%,3.93%,AL-S
D08,AZ/D,District of Arizona,Q4 FY19,0.95%,3.93%,AZ-D
D12,CA/C,Central District of California,Q4 FY19,0.39%,3.93%,CA-C
D97,CA/E,Eastern District of California,Q4 FY19,2.62%,3.93%,CA-E
D11,CA/N,Northern District of California,Q4 FY19,0.48%,3.93%,CA-N
D98,CA/S,Southern District of California,Q4 FY19,3.62%,3.93%,CA-S
D13,CO/D,District of Colorado,Q4 FY19,6.87%,3.93%,CO-D
D14,CT/D,District of Connecticut,Q4 FY19,11.67%,3.93%,CT-D
D16,DC/D,District of Columbia,Q4 FY19,0.80%,3.93%,DC-D
D07,DC/SC,District of Columbia Superior Court,Q4 FY19,7.41%,3.93%,DC-SC
D18,FL/M,Middle District of Florida,Q4 FY19,0.38%,3.93%,FL-M
D17,FL/N,Northern District of Florida,Q4 FY19,1.23%,3.93%,FL-N
D20,GA/M,Middle District of Georgia,Q4 FY19,1.89%,3.93%,GA-M
D19,GA/N,Northern District of Georgia,Q4 FY19,2.78%,3.93%,GA-N
D93,GU/D,District of Guam/Northern Mariana Island,Q4 FY19,3.45%,3.93%,GU-D
D22,HI/D,District of Hawaii,Q4 FY19,6.25%,3.93%,HI-D
D26,IL/C,Central District of Illinois,Q4 FY19,1.82%,3.93%,IL-C
D24,IL/N,Northern District of Illinois,Q4 FY19,0.93%,3.93%,IL-N
D34,LA/E,Eastern District of Louisiana,Q4 FY19,1.20%,3.93%,LA-E
D95,LA/M,Middle District of Louisiana,Q4 FY19,5.66%,3.93%,LA-M
D38,MA/D,District of Massachusetts,Q4 FY19,2.82%,3.93%,MA-D
D37,MD/D,District of Maryland,Q4 FY19,2.27%,3.93%,MD-D
D36,ME/D,District of Maine,Q4 FY19,3.90%,3.93%,ME-D
D39,MI/E,Eastern District of Michigan,Q4 FY19,1.73%,3.93%,MI-E
D40,MI/W,Western District of Michigan,Q4 FY19,3.33%,3.93%,MI-W
D45,MO/W,Western District of Missouri,Q4 FY19,0.81%,3.93%,MO-W
D43,MS/S,Southern District of Mississippi,Q4 FY19,1.85%,3.93%,MS-S
D56,NC/E,Eastern District of North Carolina,Q4 FY19,0.93%,3.93%,NC-E
D57,NC/M,Middle District of North Carolina,Q4 FY19,0.95%,3.93%,NC-M
D58,NC/W,Western District of North Carolina,Q4 FY19,0.60%,3.93%,NC-W
D59,ND/D,District of North Dakota,Q4 FY19,0.79%,3.93%,ND-D
D49,NH/D,District of New Hampshire,Q4 FY19,3.70%,3.93%,NH-D
D50,NJ/D,District of New Jersey,Q4 FY19,8.84%,3.93%,NJ-D
D51,NM/D,District of New Mexico,Q4 FY19,5.93%,3.93%,NM-D
D48,NV/D,District of Nevada,Q4 FY19,3.57%,3.93%,NV-D
D53,NY/E,Eastern District of New York,Q4 FY19,2.86%,3.93%,NY-E
D52,NY/N,Northern District of New York,Q4 FY19,1.25%,3.93%,NY-N
D54,NY/S,Southern District of New York,Q4 FY19,2.19%,3.93%,NY-S
D60,OH/N,Northern District of Ohio,Q4 FY19,0.88%,3.93%,OH-N
D61,OH/S,Southern District of Ohio,Q4 FY19,3.33%,3.93%,OH-S
D63,OK/E,Eastern District of Oklahoma,Q4 FY19,2.99%,3.93%,OK-E
D62,OK/N,Northern District of Oklahoma,Q4 FY19,6.56%,3.93%,OK-N
D64,OK/W,Western District of Oklahoma,Q4 FY19,0.70%,3.93%,OK-W
D65,OR/D,District of Oregon,Q4 FY19,0.56%,3.93%,OR-D
D66,PA/E,Eastern District of Pennsylvania,Q4 FY19,1.79%,3.93%,PA-E
D67,PA/M,Middle District of Pennsylvania,Q4 FY19,1.19%,3.93%,PA-M
D69,PR/D,District of Puerto Rico,Q4 FY19,3.96%,3.93%,PR-D
D70,RI/D,District of Rhode Island,Q4 FY19,2.38%,3.93%,RI-D
D71,SC/D,District of South Carolina,Q4 FY19,22.60%,3.93%,SC-D
D75,TN/M,Middle District of Tennessee,Q4 FY19,13.85%,3.93%,TN-M
D76,TN/W,Western District of Tennessee,Q4 FY19,5.00%,3.93%,TN-W
D77,TX/N,Northern District of Texas,Q4 FY19,1.22%,3.93%,TX-N
D79,TX/S,Southern District of Texas,Q4 FY19,4.43%,3.93%,TX-S
D80,TX/W,Western District of Texas,Q4 FY19,6.97%,3.93%,TX-W
D81,UT/D,District of Utah,Q4 FY19,1.34%,3.93%,UT-D
D83,VA/E,Eastern District of Virginia,Q4 FY19,3.57%,3.93%,VA-E
D94,VI/D,District of the Virgin Islands,Q4 FY19,14.04%,3.93%,VI-D
D85,WA/E,Eastern District of Washington,Q4 FY19,0.65%,3.93%,WA-E
D86,WA/W,Western District of Washington,Q4 FY19,17.16%,3.93%,WA-W
D90,WI/W,Western District of Wisconsin,Q4 FY19,1.89%,3.93%,WI-W
D87,WV/N,Northern District of West Virginia,Q4 FY19,2.63%,3.93%,WV-N
D91,WY/D,District of Wyoming,Q4 FY19,2.04%,3.93%,WY-D
All Districts,All Districts,All Districts,Q3 FY19,1.99%,1.99%, All Districts
D06,AK/D,District of Alaska,Q3 FY19,1.69%,1.99%,AK-D
D03,AL/S,Southern District of Alabama,Q3 FY19,38.78%,1.99%,AL-S
D08,AZ/D,District of Arizona,Q3 FY19,1.11%,1.99%,AZ-D
D12,CA/C,Central District of California,Q3 FY19,3.79%,1.99%,CA-C
D97,CA/E,Eastern District of California,Q3 FY19,7.64%,1.99%,CA-E
D11,CA/N,Northern District of California,Q3 FY19,0.46%,1.99%,CA-N
D98,CA/S,Southern District of California,Q3 FY19,10.53%,1.99%,CA-S
D13,CO/D,District of Colorado,Q3 FY19,1.94%,1.99%,CO-D
D14,CT/D,District of Connecticut,Q3 FY19,1.32%,1.99%,CT-D
D07,DC/SC,District of Columbia Superior Court,Q3 FY19,2.78%,1.99%,DC-SC
D18,FL/M,Middle District of Florida,Q3 FY19,0.49%,1.99%,FL-M
D17,FL/N,Northern District of Florida,Q3 FY19,5.41%,1.99%,FL-N
D04,FL/S,Southern District of Florida,Q3 FY19,0.54%,1.99%,FL-S
D20,GA/M,Middle District of Georgia,Q3 FY19,2.22%,1.99%,GA-M
D19,GA/N,Northern District of Georgia,Q3 FY19,1.16%,1.99%,GA-N
D21,GA/S,Southern District of Georgia,Q3 FY19,0.90%,1.99%,GA-S
D22,HI/D,District of Hawaii,Q3 FY19,2.60%,1.99%,HI-D
D29,IA/N,Northern District of Iowa,Q3 FY19,0.87%,1.99%,IA-N
D30,IA/S,Southern District of Iowa,Q3 FY19,3.13%,1.99%,IA-S
D23,ID/D,District of Idaho,Q3 FY19,0.62%,1.99%,ID-D
D24,IL/N,Northern District of Illinois,Q3 FY19,2.56%,1.99%,IL-N
D27,IN/N,Northern District of Indiana,Q3 FY19,1.12%,1.99%,IN-N
D32,KY/E,Eastern District of Kentucky,Q3 FY19,5.26%,1.99%,KY-E
D33,KY/W,Western District of Kentucky,Q3 FY19,1.11%,1.99%,KY-W
D34,LA/E,Eastern District of Louisiana,Q3 FY19,2.50%,1.99%,LA-E
D95,LA/M,Middle District of Louisiana,Q3 FY19,1.85%,1.99%,LA-M
D35,LA/W,Western District of Louisiana,Q3 FY19,0.67%,1.99%,LA-W
D38,MA/D,District of Massachusetts,Q3 FY19,4.00%,1.99%,MA-D
D37,MD/D,District of Maryland,Q3 FY19,3.57%,1.99%,MD-D
D36,ME/D,District of Maine,Q3 FY19,10.17%,1.99%,ME-D
D39,MI/E,Eastern District of Michigan,Q3 FY19,1.05%,1.99%,MI-E
D43,MS/S,Southern District of Mississippi,Q3 FY19,8.47%,1.99%,MS-S
D56,NC/E,Eastern District of North Carolina,Q3 FY19,0.53%,1.99%,NC-E
D57,NC/M,Middle District of North Carolina,Q3 FY19,1.18%,1.99%,NC-M
D58,NC/W,Western District of North Carolina,Q3 FY19,1.99%,1.99%,NC-W
D59,ND/D,District of North Dakota,Q3 FY19,0.79%,1.99%,ND-D
D50,NJ/D,District of New Jersey,Q3 FY19,2.70%,1.99%,NJ-D
D51,NM/D,District of New Mexico,Q3 FY19,7.97%,1.99%,NM-D
D53,NY/E,Eastern District of New York,Q3 FY19,2.70%,1.99%,NY-E
D52,NY/N,Northern District of New York,Q3 FY19,2.01%,1.99%,NY-N
D54,NY/S,Southern District of New York,Q3 FY19,0.88%,1.99%,NY-S
D61,OH/S,Southern District of Ohio,Q3 FY19,1.34%,1.99%,OH-S
D62,OK/N,Northern District of Oklahoma,Q3 FY19,14.00%,1.99%,OK-N
D64,OK/W,Western District of Oklahoma,Q3 FY19,3.76%,1.99%,OK-W
D66,PA/E,Eastern District of Pennsylvania,Q3 FY19,1.83%,1.99%,PA-E
D67,PA/M,Middle District of Pennsylvania,Q3 FY19,4.44%,1.99%,PA-M
D68,PA/W,Western District of Pennsylvania,Q3 FY19,0.90%,1.99%,PA-W
D69,PR/D,District of Puerto Rico,Q3 FY19,19.23%,1.99%,PR-D
D70,RI/D,District of Rhode Island,Q3 FY19,2.60%,1.99%,RI-D
D71,SC/D,District of South Carolina,Q3 FY19,14.74%,1.99%,SC-D
D73,SD/D,District of South Dakota,Q3 FY19,0.64%,1.99%,SD-D
D74,TN/E,Eastern District of Tennessee,Q3 FY19,1.16%,1.99%,TN-E
D75,TN/M,Middle District of Tennessee,Q3 FY19,30.13%,1.99%,TN-M
D76,TN/W,Western District of Tennessee,Q3 FY19,4.49%,1.99%,TN-W
D77,TX/N,Northern District of Texas,Q3 FY19,0.95%,1.99%,TX-N
D79,TX/S,Southern District of Texas,Q3 FY19,3.82%,1.99%,TX-S
D80,TX/W,Western District of Texas,Q3 FY19,1.71%,1.99%,TX-W
D81,UT/D,District of Utah,Q3 FY19,0.72%,1.99%,UT-D
D83,VA/E,Eastern District of Virginia,Q3 FY19,6.87%,1.99%,VA-E
D94,VI/D,District of the Virgin Islands,Q3 FY19,4.41%,1.99%,VI-D
D82,VT/D,District of Vermont,Q3 FY19,1.69%,1.99%,VT-D
D86,WA/W,Western District of Washington,Q3 FY19,35.81%,1.99%,WA-W
D87,WV/N,Northern District of West Virginia,Q3 FY19,7.41%,1.99%,WV-N
D88,WV/S,Southern District of West Virginia,Q3 FY19,1.64%,1.99%,WV-S
D91,WY/D,District of Wyoming,Q3 FY19,3.76%,1.99%,WY-D
All Districts,All Districts,All Districts,Q2 FY19,11.31%,11.31%, All Districts
D06,AK/D,District of Alaska,Q2 FY19,14.55%,11.31%,AK-D
D02,AL/M,Middle District of Alabama,Q2 FY19,3.45%,11.31%,AL-M
D01,AL/N,Northern District of Alabama,Q2 FY19,19.63%,11.31%,AL-N
D03,AL/S,Southern District of Alabama,Q2 FY19,57.14%,11.31%,AL-S
D09,AR/E,Eastern District of Arkansas,Q2 FY19,11.46%,11.31%,AR-E
D10,AR/W,Western District of Arkansas,Q2 FY19,7.14%,11.31%,AR-W
D08,AZ/D,District of Arizona,Q2 FY19,7.92%,11.31%,AZ-D
D12,CA/C,Central District of California,Q2 FY19,24.83%,11.31%,CA-C
D97,CA/E,Eastern District of California,Q2 FY19,7.19%,11.31%,CA-E
D11,CA/N,Northern District of California,Q2 FY19,4.28%,11.31%,CA-N
D98,CA/S,Southern District of California,Q2 FY19,24.64%,11.31%,CA-S
D13,CO/D,District of Colorado,Q2 FY19,8.15%,11.31%,CO-D
D14,CT/D,District of Connecticut,Q2 FY19,11.76%,11.31%,CT-D
D16,DC/D,District of Columbia,Q2 FY19,13.68%,11.31%,DC-D
D07,DC/SC,District of Columbia Superior Court,Q2 FY19,28.87%,11.31%,DC-SC
D15,DE/D,District of Delaware,Q2 FY19,4.00%,11.31%,DE-D
D18,FL/M,Middle District of Florida,Q2 FY19,7.07%,11.31%,FL-M
D17,FL/N,Northern District of Florida,Q2 FY19,25.00%,11.31%,FL-N
D04,FL/S,Southern District of Florida,Q2 FY19,5.06%,11.31%,FL-S
D20,GA/M,Middle District of Georgia,Q2 FY19,13.64%,11.31%,GA-M
D19,GA/N,Northern District of Georgia,Q2 FY19,16.46%,11.31%,GA-N
D21,GA/S,Southern District of Georgia,Q2 FY19,1.00%,11.31%,GA-S
D93,GU/D,District of Guam/Northern Mariana Island,Q2 FY19,12.50%,11.31%,GU-D
D22,HI/D,District of Hawaii,Q2 FY19,20.51%,11.31%,HI-D
D29,IA/N,Northern District of Iowa,Q2 FY19,26.88%,11.31%,IA-N
D30,IA/S,Southern District of Iowa,Q2 FY19,10.34%,11.31%,IA-S
D23,ID/D,District of Idaho,Q2 FY19,9.15%,11.31%,ID-D
D26,IL/C,Central District of Illinois,Q2 FY19,17.02%,11.31%,IL-C
D24,IL/N,Northern District of Illinois,Q2 FY19,12.78%,11.31%,IL-N
D25,IL/S,Southern District of Illinois,Q2 FY19,17.32%,11.31%,IL-S
D27,IN/N,Northern District of Indiana,Q2 FY19,8.57%,11.31%,IN-N
D28,IN/S,Southern District of Indiana,Q2 FY19,4.71%,11.31%,IN-S
D31,KS/D,District of Kansas,Q2 FY19,10.69%,11.31%,KS-D
D32,KY/E,Eastern District of Kentucky,Q2 FY19,7.41%,11.31%,KY-E
D33,KY/W,Western District of Kentucky,Q2 FY19,7.34%,11.31%,KY-W
D34,LA/E,Eastern District of Louisiana,Q2 FY19,21.13%,11.31%,LA-E
D95,LA/M,Middle District of Louisiana,Q2 FY19,20.37%,11.31%,LA-M
D35,LA/W,Western District of Louisiana,Q2 FY19,7.75%,11.31%,LA-W
D38,MA/D,District of Massachusetts,Q2 FY19,19.54%,11.31%,MA-D
D37,MD/D,District of Maryland,Q2 FY19,9.45%,11.31%,MD-D
D36,ME/D,District of Maine,Q2 FY19,5.00%,11.31%,ME-D
D39,MI/E,Eastern District of Michigan,Q2 FY19,11.82%,11.31%,MI-E
D40,MI/W,Western District of Michigan,Q2 FY19,5.63%,11.31%,MI-W
D41,MN/D,District of Minnesota,Q2 FY19,7.29%,11.31%,MN-D
D44,MO/E,Eastern District of Missouri,Q2 FY19,22.81%,11.31%,MO-E
D45,MO/W,Western District of Missouri,Q2 FY19,13.37%,11.31%,MO-W
D42,MS/N,Northern District of Mississippi,Q2 FY19,20.00%,11.31%,MS-N
D43,MS/S,Southern District of Mississippi,Q2 FY19,33.33%,11.31%,MS-S
D46,MT/D,District of Montana,Q2 FY19,7.29%,11.31%,MT-D
D56,NC/E,Eastern District of North Carolina,Q2 FY19,5.36%,11.31%,NC-E
D57,NC/M,Middle District of North Carolina,Q2 FY19,10.38%,11.31%,NC-M
D58,NC/W,Western District of North Carolina,Q2 FY19,4.76%,11.31%,NC-W
D59,ND/D,District of North Dakota,Q2 FY19,6.87%,11.31%,ND-D
D47,NE/D,District of Nebraska,Q2 FY19,10.75%,11.31%,NE-D
D49,NH/D,District of New Hampshire,Q2 FY19,12.90%,11.31%,NH-D
D50,NJ/D,District of New Jersey,Q2 FY19,11.36%,11.31%,NJ-D
D51,NM/D,District of New Mexico,Q2 FY19,14.42%,11.31%,NM-D
D48,NV/D,District of Nevada,Q2 FY19,23.53%,11.31%,NV-D
D53,NY/E,Eastern District of New York,Q2 FY19,4.23%,11.31%,NY-E
D52,NY/N,Northern District of New York,Q2 FY19,7.24%,11.31%,NY-N
D54,NY/S,Southern District of New York,Q2 FY19,20.62%,11.31%,NY-S
D55,NY/W,Western District of New York,Q2 FY19,4.72%,11.31%,NY-W
D60,OH/N,Northern District of Ohio,Q2 FY19,6.60%,11.31%,OH-N
D61,OH/S,Southern District of Ohio,Q2 FY19,10.87%,11.31%,OH-S
D63,OK/E,Eastern District of Oklahoma,Q2 FY19,9.52%,11.31%,OK-E
D62,OK/N,Northern District of Oklahoma,Q2 FY19,14.63%,11.31%,OK-N
D64,OK/W,Western District of Oklahoma,Q2 FY19,8.21%,11.31%,OK-W
D65,OR/D,District of Oregon,Q2 FY19,8.39%,11.31%,OR-D
D66,PA/E,Eastern District of Pennsylvania,Q2 FY19,9.46%,11.31%,PA-E
D67,PA/M,Middle District of Pennsylvania,Q2 FY19,16.81%,11.31%,PA-M
D68,PA/W,Western District of Pennsylvania,Q2 FY19,5.21%,11.31%,PA-W
D69,PR/D,District of Puerto Rico,Q2 FY19,22.06%,11.31%,PR-D
D70,RI/D,District of Rhode Island,Q2 FY19,24.56%,11.31%,RI-D
D71,SC/D,District of South Carolina,Q2 FY19,60.47%,11.31%,SC-D
D73,SD/D,District of South Dakota,Q2 FY19,2.58%,11.31%,SD-D
D74,TN/E,Eastern District of Tennessee,Q2 FY19,4.24%,11.31%,TN-E
D75,TN/M,Middle District of Tennessee,Q2 FY19,31.43%,11.31%,TN-M
D76,TN/W,Western District of Tennessee,Q2 FY19,37.50%,11.31%,TN-W
D78,TX/E,Eastern District of Texas,Q2 FY19,15.51%,11.31%,TX-E
D77,TX/N,Northern District of Texas,Q2 FY19,5.00%,11.31%,TX-N
D79,TX/S,Southern District of Texas,Q2 FY19,16.82%,11.31%,TX-S
D80,TX/W,Western District of Texas,Q2 FY19,29.64%,11.31%,TX-W
D81,UT/D,District of Utah,Q2 FY19,4.41%,11.31%,UT-D
D83,VA/E,Eastern District of Virginia,Q2 FY19,16.28%,11.31%,VA-E
D84,VA/W,Western District of Virginia,Q2 FY19,3.61%,11.31%,VA-W
D94,VI/D,District of the Virgin Islands,Q2 FY19,20.45%,11.31%,VI-D
D82,VT/D,District of Vermont,Q2 FY19,13.21%,11.31%,VT-D
D85,WA/E,Eastern District of Washington,Q2 FY19,12.62%,11.31%,WA-E
D86,WA/W,Western District of Washington,Q2 FY19,26.19%,11.31%,WA-W
D89,WI/E,Eastern District of Wisconsin,Q2 FY19,9.38%,11.31%,WI-E
D90,WI/W,Western District of Wisconsin,Q2 FY19,8.11%,11.31%,WI-W
D87,WV/N,Northern District of West Virginia,Q2 FY19,1.82%,11.31%,WV-N
D88,WV/S,Southern District of West Virginia,Q2 FY19,24.32%,11.31%,WV-S
D91,WY/D,District of Wyoming,Q2 FY19,10.09%,11.31%,WY-D
